{"cameraMode":{"drawMode":0,"name":"Shaded","section":"Shading Mode"},"sceneLighting":false,"audioPlay":false,"sceneViewState":{"m_AlwaysRefresh":false,"showFog":true,"showSkybox":false,"showFlares":true,"showImageEffects":true,"showParticleSystems":true,"showVisualEffectGraphs":true,"m_FxEnabled":true},"in2DMode":false,"pivot":{"x":0.17141270637512208,"y":-0.00001424551010131836,"z":-0.7009797096252441},"rotation":{"x":0.24078769981861115,"y":0.6686961054801941,"z":-0.2439011037349701,"w":0.659898579120636},"size":7.241691589355469,"orthographic":false}