{"cameraMode":{"drawMode":0,"name":"Shaded","section":"Shading Mode"},"sceneLighting":false,"audioPlay":false,"sceneViewState":{"m_AlwaysRefresh":false,"showFog":true,"showSkybox":false,"showFlares":true,"showImageEffects":true,"showParticleSystems":true,"showVisualEffectGraphs":true,"m_FxEnabled":true},"in2DMode":false,"pivot":{"x":0.12890297174453736,"y":0.02371370792388916,"z":-0.002282261848449707},"rotation":{"x":0.09109625965356827,"y":-0.7464483976364136,"z":-0.10465401411056519,"w":-0.6508840918540955},"size":1.289283275604248,"orthographic":false}