{"cameraMode":{"drawMode":0,"name":"Shaded","section":"Shading Mode"},"sceneLighting":false,"audioPlay":false,"sceneViewState":{"m_AlwaysRefresh":false,"showFog":true,"showSkybox":false,"showFlares":true,"showImageEffects":true,"showParticleSystems":true,"showVisualEffectGraphs":true,"m_FxEnabled":true},"in2DMode":false,"pivot":{"x":1.119229793548584,"y":-0.001578211784362793,"z":0.05553245544433594},"rotation":{"x":0.144328311085701,"y":-0.8012408018112183,"z":0.21427565813064576,"w":0.5397231578826904},"size":5.263484477996826,"orthographic":false}