{"cameraMode":{"drawMode":0,"name":"Shaded","section":"Shading Mode"},"sceneLighting":false,"audioPlay":false,"sceneViewState":{"m_AlwaysRefresh":false,"showFog":true,"showSkybox":false,"showFlares":true,"showImageEffects":true,"showParticleSystems":true,"showVisualEffectGraphs":true,"m_FxEnabled":true},"in2DMode":false,"pivot":{"x":2.7638254165649416,"y":-0.3624195158481598,"z":2.827803373336792},"rotation":{"x":0.00780452648177743,"y":0.036858223378658298,"z":-0.0002576599654275924,"w":0.9992963075637817},"size":5.415753364562988,"orthographic":false}