{"cameraMode":{"drawMode":0,"name":"Shaded","section":"Shading Mode"},"sceneLighting":true,"audioPlay":false,"sceneViewState":{"m_AlwaysRefresh":false,"showFog":true,"showSkybox":true,"showFlares":true,"showImageEffects":true,"showParticleSystems":true,"showVisualEffectGraphs":true,"m_FxEnabled":false},"in2DMode":false,"pivot":{"x":143.5621795654297,"y":-128.50413513183595,"z":27.283157348632814},"rotation":{"x":-0.25752711296081545,"y":-0.6466062068939209,"z":0.24695250391960145,"w":-0.6743489503860474},"size":109.30753326416016,"orthographic":false}