{"cameraMode":{"drawMode":0,"name":"Shaded","section":"Shading Mode"},"sceneLighting":false,"audioPlay":false,"sceneViewState":{"m_AlwaysRefresh":false,"showFog":true,"showSkybox":false,"showFlares":true,"showImageEffects":true,"showParticleSystems":true,"showVisualEffectGraphs":true,"m_FxEnabled":true},"in2DMode":false,"pivot":{"x":0.00004100799560546875,"y":0.00000286102294921875,"z":0.00001621246337890625},"rotation":{"x":0.00780452648177743,"y":0.036858223378658298,"z":-0.0002576599654275924,"w":0.9992963075637817},"size":9.845964431762696,"orthographic":false}