{"cameraMode":{"drawMode":0,"name":"Shaded","section":"Shading Mode"},"sceneLighting":false,"audioPlay":false,"sceneViewState":{"m_AlwaysRefresh":false,"showFog":true,"showSkybox":false,"showFlares":true,"showImageEffects":true,"showParticleSystems":true,"showVisualEffectGraphs":true,"m_FxEnabled":true},"in2DMode":false,"pivot":{"x":0.04909229278564453,"y":3.9682984352111818,"z":-0.000003814697265625},"rotation":{"x":-0.19868448376655579,"y":-0.6268441677093506,"z":0.16962575912475587,"w":-0.7340523600578308},"size":14.743205070495606,"orthographic":false}