{"cameraMode":{"drawMode":0,"name":"Shaded","section":"Shading Mode"},"sceneLighting":false,"audioPlay":false,"sceneViewState":{"m_AlwaysRefresh":false,"showFog":true,"showSkybox":false,"showFlares":true,"showImageEffects":true,"showParticleSystems":true,"showVisualEffectGraphs":true,"m_FxEnabled":true},"in2DMode":false,"pivot":{"x":58.9134407043457,"y":-10.087926864624024,"z":-5.590590953826904},"rotation":{"x":-0.0004702785809058696,"y":-0.9984596967697144,"z":0.05578067526221275,"w":-0.006952423136681318},"size":1.0862778425216675,"orthographic":false}