{"cameraMode":{"drawMode":0,"name":"Shaded","section":"Shading Mode"},"sceneLighting":false,"audioPlay":false,"sceneViewState":{"m_AlwaysRefresh":false,"showFog":true,"showSkybox":false,"showFlares":true,"showImageEffects":true,"showParticleSystems":true,"showVisualEffectGraphs":true,"m_FxEnabled":true},"in2DMode":false,"pivot":{"x":60.5366325378418,"y":-10.880088806152344,"z":24.523191452026368},"rotation":{"x":0.09774940460920334,"y":-0.28827691078186037,"z":0.029599081724882127,"w":0.9521024823188782},"size":0.3204079568386078,"orthographic":false}