{"cameraMode":{"drawMode":0,"name":"Shaded","section":"Shading Mode"},"sceneLighting":false,"audioPlay":false,"sceneViewState":{"m_AlwaysRefresh":false,"showFog":true,"showSkybox":false,"showFlares":true,"showImageEffects":true,"showParticleSystems":true,"showVisualEffectGraphs":true,"m_FxEnabled":true},"in2DMode":false,"pivot":{"x":-0.0000019073486328125,"y":5.273164749145508,"z":-0.00000858306884765625},"rotation":{"x":0.03392785042524338,"y":-0.710322916507721,"z":0.03436339274048805,"w":0.7022244930267334},"size":18.2319393157959,"orthographic":false}