{"cameraMode":{"drawMode":0,"name":"Shaded","section":"Shading Mode"},"sceneLighting":true,"audioPlay":false,"sceneViewState":{"m_AlwaysRefresh":false,"showFog":true,"showSkybox":true,"showFlares":true,"showImageEffects":true,"showParticleSystems":true,"showVisualEffectGraphs":true,"m_FxEnabled":false},"in2DMode":false,"pivot":{"x":147.92979431152345,"y":249.5337371826172,"z":0.601728081703186},"rotation":{"x":-0.05662013217806816,"y":0.037427060306072238,"z":0.0021279456559568645,"w":0.9977044463157654},"size":266.0035400390625,"orthographic":false}