{"cameraMode":{"drawMode":0,"name":"Shaded","section":"Shading Mode"},"sceneLighting":false,"audioPlay":false,"sceneViewState":{"m_AlwaysRefresh":false,"showFog":true,"showSkybox":false,"showFlares":true,"showImageEffects":true,"showParticleSystems":true,"showVisualEffectGraphs":true,"m_FxEnabled":true},"in2DMode":false,"pivot":{"x":61.11630630493164,"y":-10.859718322753907,"z":24.368318557739259},"rotation":{"x":0.09774940460920334,"y":-0.28827691078186037,"z":0.029599081724882127,"w":0.9521024823188782},"size":0.6204339265823364,"orthographic":false}