{"cameraMode":{"drawMode":0,"name":"Shaded","section":"Shading Mode"},"sceneLighting":false,"audioPlay":false,"sceneViewState":{"m_AlwaysRefresh":false,"showFog":true,"showSkybox":false,"showFlares":true,"showImageEffects":true,"showParticleSystems":true,"showVisualEffectGraphs":true,"m_FxEnabled":true},"in2DMode":false,"pivot":{"x":-0.00012502074241638184,"y":0.1399996280670166,"z":1.0700000524520875},"rotation":{"x":0.09109625965356827,"y":-0.7464483976364136,"z":-0.10465401411056519,"w":-0.6508840918540955},"size":0.7379259467124939,"orthographic":false}