{"cameraMode":{"drawMode":0,"name":"Shaded","section":"Shading Mode"},"sceneLighting":false,"audioPlay":false,"sceneViewState":{"m_AlwaysRefresh":false,"showFog":true,"showSkybox":false,"showFlares":true,"showImageEffects":true,"showParticleSystems":true,"showVisualEffectGraphs":true,"m_FxEnabled":true},"in2DMode":false,"pivot":{"x":1.119085431098938,"y":-0.001578211784362793,"z":0.06544113159179688},"rotation":{"x":0.24078769981861115,"y":0.6686961054801941,"z":-0.2439011037349701,"w":0.659898579120636},"size":2.0694947242736818,"orthographic":false}