{"cameraMode":{"drawMode":0,"name":"Shaded","section":"Shading Mode"},"sceneLighting":false,"audioPlay":false,"sceneViewState":{"m_AlwaysRefresh":false,"showFog":true,"showSkybox":false,"showFlares":true,"showImageEffects":true,"showParticleSystems":true,"showVisualEffectGraphs":true,"m_FxEnabled":true},"in2DMode":false,"pivot":{"x":-0.0000040531158447265628,"y":3.068012237548828,"z":4.76837158203125e-7},"rotation":{"x":0.00780452648177743,"y":0.036858223378658298,"z":-0.0002576599654275924,"w":0.9992963075637817},"size":8.043508529663086,"orthographic":false}