{"cameraMode":{"drawMode":0,"name":"Shaded","section":"Shading Mode"},"sceneLighting":false,"audioPlay":false,"sceneViewState":{"m_AlwaysRefresh":false,"showFog":true,"showSkybox":false,"showFlares":true,"showImageEffects":true,"showParticleSystems":true,"showVisualEffectGraphs":true,"m_FxEnabled":true},"in2DMode":false,"pivot":{"x":0.5334170460700989,"y":-9.644994735717774,"z":6.42483377456665},"rotation":{"x":0.00051064882427454,"y":0.9956116676330566,"z":-0.09316926449537277,"w":0.005088910926133394},"size":1.0404324531555176,"orthographic":false}