{"cameraMode":{"drawMode":0,"name":"Shaded","section":"Shading Mode"},"sceneLighting":false,"audioPlay":false,"sceneViewState":{"m_AlwaysRefresh":false,"showFog":true,"showSkybox":false,"showFlares":true,"showImageEffects":true,"showParticleSystems":true,"showVisualEffectGraphs":true,"m_FxEnabled":true},"in2DMode":false,"pivot":{"x":3.381192445755005,"y":-9.632696151733399,"z":6.838449954986572},"rotation":{"x":0.00010356483835494146,"y":0.9997536540031433,"z":-0.019806545227766038,"w":0.003614024491980672},"size":0.34938445687294009,"orthographic":false}