{"cameraMode":{"drawMode":0,"name":"Shaded","section":"Shading Mode"},"sceneLighting":false,"audioPlay":false,"sceneViewState":{"m_AlwaysRefresh":false,"showFog":true,"showSkybox":false,"showFlares":true,"showImageEffects":true,"showParticleSystems":true,"showVisualEffectGraphs":true,"m_FxEnabled":true},"in2DMode":false,"pivot":{"x":1.8491193056106568,"y":-9.650314331054688,"z":7.502631664276123},"rotation":{"x":-0.016847820952534677,"y":0.9744701981544495,"z":-0.20954672992229463,"w":-0.07850955426692963},"size":1.0404324531555176,"orthographic":false}