{"cameraMode":{"drawMode":0,"name":"Shaded","section":"Shading Mode"},"sceneLighting":false,"audioPlay":false,"sceneViewState":{"m_AlwaysRefresh":false,"showFog":true,"showSkybox":false,"showFlares":true,"showImageEffects":true,"showParticleSystems":true,"showVisualEffectGraphs":true,"m_FxEnabled":true},"in2DMode":false,"pivot":{"x":-4.085896015167236,"y":1.0095399618148804,"z":0.32225626707077029},"rotation":{"x":0.1455162614583969,"y":0.7295291423797607,"z":-0.16370366513729096,"w":0.6480008363723755},"size":0.8660253882408142,"orthographic":false}