{"cameraMode":{"drawMode":0,"name":"Shaded","section":"Shading Mode"},"sceneLighting":false,"audioPlay":false,"sceneViewState":{"m_AlwaysRefresh":false,"showFog":true,"showSkybox":false,"showFlares":true,"showImageEffects":true,"showParticleSystems":true,"showVisualEffectGraphs":true,"m_FxEnabled":true},"in2DMode":false,"pivot":{"x":9.5367431640625e-7,"y":0.0000011920928955078126,"z":0.000001430511474609375},"rotation":{"x":-0.30149412155151369,"y":-0.017432302236557008,"z":0.005482090637087822,"w":-0.9533017873764038},"size":5.762363433837891,"orthographic":false}