{"cameraMode":{"drawMode":0,"name":"Shaded","section":"Shading Mode"},"sceneLighting":false,"audioPlay":false,"sceneViewState":{"m_AlwaysRefresh":false,"showFog":true,"showSkybox":true,"showFlares":true,"showImageEffects":true,"showParticleSystems":true,"showVisualEffectGraphs":true,"m_FxEnabled":true},"in2DMode":false,"pivot":{"x":59.878971099853519,"y":-16.712709426879884,"z":15.522932052612305},"rotation":{"x":-0.19664357602596284,"y":-0.3285260498523712,"z":0.07007595151662827,"w":-0.9211084842681885},"size":21.70397186279297,"orthographic":false}