{"cameraMode":{"drawMode":0,"name":"Shaded","section":"Shading Mode"},"sceneLighting":false,"audioPlay":false,"sceneViewState":{"m_AlwaysRefresh":false,"showFog":true,"showSkybox":true,"showFlares":true,"showImageEffects":true,"showParticleSystems":true,"showVisualEffectGraphs":true,"m_FxEnabled":true},"in2DMode":false,"pivot":{"x":45.50534439086914,"y":-12.692154884338379,"z":-15.629688262939454},"rotation":{"x":0.00232409848831594,"y":-0.9855657815933228,"z":0.16898658871650697,"w":0.014083086512982846},"size":5.844961643218994,"orthographic":false}