{"cameraMode":{"drawMode":0,"name":"Shaded","section":"Shading Mode"},"sceneLighting":false,"audioPlay":false,"sceneViewState":{"m_AlwaysRefresh":false,"showFog":true,"showSkybox":true,"showFlares":true,"showImageEffects":true,"showParticleSystems":true,"showVisualEffectGraphs":true,"m_FxEnabled":true},"in2DMode":false,"pivot":{"x":-19.828941345214845,"y":-15.573493003845215,"z":-60.488040924072269},"rotation":{"x":0.02969243749976158,"y":0.969939112663269,"z":-0.18732832372188569,"w":0.15296988189220429},"size":6.646552562713623,"orthographic":false}