{"cameraMode":{"drawMode":0,"name":"Shaded","section":"Shading Mode"},"sceneLighting":false,"audioPlay":false,"sceneViewState":{"m_AlwaysRefresh":false,"showFog":true,"showSkybox":true,"showFlares":true,"showImageEffects":true,"showParticleSystems":true,"showVisualEffectGraphs":true,"m_FxEnabled":true},"in2DMode":false,"pivot":{"x":62.620540618896487,"y":-10.318796157836914,"z":29.055479049682618},"rotation":{"x":-0.06578369438648224,"y":-0.9274184703826904,"z":0.19504226744174958,"w":-0.3124426007270813},"size":3.087394952774048,"orthographic":false}