{"cameraMode":{"drawMode":0,"name":"Shaded","section":"Shading Mode"},"sceneLighting":false,"audioPlay":false,"sceneViewState":{"m_AlwaysRefresh":false,"showFog":true,"showSkybox":true,"showFlares":true,"showImageEffects":true,"showParticleSystems":true,"showVisualEffectGraphs":true,"m_FxEnabled":true},"in2DMode":false,"pivot":{"x":71.51903533935547,"y":-17.385696411132814,"z":0.7421798706054688},"rotation":{"x":-0.061766382306814197,"y":-0.938065767288208,"z":0.25084632635116579,"w":-0.23074902594089509},"size":8.252965927124024,"orthographic":false}