{"cameraMode":{"drawMode":0,"name":"Shaded","section":"Shading Mode"},"sceneLighting":false,"audioPlay":false,"sceneViewState":{"m_AlwaysRefresh":false,"showFog":true,"showSkybox":true,"showFlares":true,"showImageEffects":true,"showParticleSystems":true,"showVisualEffectGraphs":true,"m_FxEnabled":true},"in2DMode":false,"pivot":{"x":336.7259521484375,"y":226.3853759765625,"z":21.989532470703126},"rotation":{"x":0.0000595637466176413,"y":0.9999526143074036,"z":-0.009308810345828534,"w":0.006300730165094137},"size":45.182315826416019,"orthographic":false}