{"cameraMode":{"drawMode":0,"name":"Shaded","section":"Shading Mode"},"sceneLighting":false,"audioPlay":false,"sceneViewState":{"m_AlwaysRefresh":false,"showFog":true,"showSkybox":true,"showFlares":true,"showImageEffects":true,"showParticleSystems":true,"showVisualEffectGraphs":true,"m_FxEnabled":true},"in2DMode":false,"pivot":{"x":21.43617820739746,"y":-15.104065895080567,"z":-26.194120407104493},"rotation":{"x":0.08144611120223999,"y":-0.8190492987632752,"z":0.12032895535230637,"w":0.5551340579986572},"size":10.920249938964844,"orthographic":false}