{"cameraMode":{"drawMode":0,"name":"Shaded","section":"Shading Mode"},"sceneLighting":false,"audioPlay":false,"sceneViewState":{"m_AlwaysRefresh":false,"showFog":true,"showSkybox":true,"showFlares":true,"showImageEffects":true,"showParticleSystems":true,"showVisualEffectGraphs":true,"m_FxEnabled":true},"in2DMode":false,"pivot":{"x":62.256256103515628,"y":-1.1419363021850587,"z":15.467668533325196},"rotation":{"x":0.016154564917087556,"y":0.9457060098648071,"z":-0.3210837244987488,"w":0.04741915687918663},"size":8.252965927124024,"orthographic":false}