{"cameraMode":{"drawMode":0,"name":"Shaded","section":"Shading Mode"},"sceneLighting":false,"audioPlay":false,"sceneViewState":{"m_AlwaysRefresh":false,"showFog":true,"showSkybox":true,"showFlares":true,"showImageEffects":true,"showParticleSystems":true,"showVisualEffectGraphs":true,"m_FxEnabled":true},"in2DMode":false,"pivot":{"x":30.610998153686525,"y":-8.034344673156739,"z":-16.85039520263672},"rotation":{"x":-0.11993497610092163,"y":0.037637729197740558,"z":-0.004646819084882736,"w":-0.9921059608459473},"size":2.5841903686523439,"orthographic":false}