{"cameraMode":{"drawMode":0,"name":"Shaded","section":"Shading Mode"},"sceneLighting":false,"audioPlay":false,"sceneViewState":{"m_AlwaysRefresh":false,"showFog":true,"showSkybox":true,"showFlares":true,"showImageEffects":true,"showParticleSystems":true,"showVisualEffectGraphs":true,"m_FxEnabled":true},"in2DMode":false,"pivot":{"x":48.662200927734378,"y":-10.278398513793946,"z":-21.313461303710939},"rotation":{"x":-0.011275694705545903,"y":0.9803794622421265,"z":-0.1878504455089569,"w":-0.059401582926511767},"size":1.6404318809509278,"orthographic":false}