{"cameraMode":{"drawMode":0,"name":"Shaded","section":"Shading Mode"},"sceneLighting":false,"audioPlay":false,"sceneViewState":{"m_AlwaysRefresh":false,"showFog":true,"showSkybox":true,"showFlares":true,"showImageEffects":true,"showParticleSystems":true,"showVisualEffectGraphs":true,"m_FxEnabled":true},"in2DMode":false,"pivot":{"x":62.850189208984378,"y":-8.944141387939454,"z":33.570369720458987},"rotation":{"x":-0.12469109892845154,"y":0.1406833529472351,"z":-0.01796772889792919,"w":-0.9820512533187866},"size":1.6404318809509278,"orthographic":false}