{"cameraMode":{"drawMode":0,"name":"Shaded","section":"Shading Mode"},"sceneLighting":false,"audioPlay":false,"sceneViewState":{"m_AlwaysRefresh":false,"showFog":true,"showSkybox":false,"showFlares":true,"showImageEffects":true,"showParticleSystems":true,"showVisualEffectGraphs":true,"m_FxEnabled":true},"in2DMode":false,"pivot":{"x":61.63053894042969,"y":-10.90914535522461,"z":24.265535354614259},"rotation":{"x":0.09774940460920334,"y":-0.28827691078186037,"z":0.029599081724882127,"w":0.9521024823188782},"size":0.6892086267471314,"orthographic":false}