{"cameraMode":{"drawMode":0,"name":"Shaded","section":"Shading Mode"},"sceneLighting":false,"audioPlay":false,"sceneViewState":{"m_AlwaysRefresh":false,"showFog":true,"showSkybox":false,"showFlares":true,"showImageEffects":true,"showParticleSystems":true,"showVisualEffectGraphs":true,"m_FxEnabled":true},"in2DMode":false,"pivot":{"x":0.01396942138671875,"y":-0.0000019073486328125,"z":-0.0000019073486328125},"rotation":{"x":-0.30149412155151369,"y":-0.017432302236557008,"z":0.005482090637087822,"w":-0.9533017873764038},"size":14.563847541809082,"orthographic":false}